review_id,product_id,customer_id,rating,review_date,review_text
4,101,1004,4.5,"2024-12-04","Excellent quality, exceeded my expectations!"
44,1011,10044,4.5,"2024-12-","Excellent quality, exceeded my expectations!"
444,1014,1014,6,"2024-12-04"
1,163,1700,3,2024-02-08,Average
2,125,1035,4,2024-06-18,Good
3,189,1154,1,2024-11-02,Terrible
4,148,1588,4,2024-03-09,Good
5,122,1347,2,2024-09-23,Poor
6,157,1733,2,2024-09-02,Poor
7,110,1841,3,2024-06-28,Average
8,198,1037,3,2024-06-06,Average
9,142,1146,3,2024-04-28,Average
10,176,1852,3,2024-09-22,Average
11,149,1744,2,2024-04-09,Poor
12,129,1812,4,2024-07-20,Good
13,125,1705,3,2024-04-05,Average
14,173,1440,3,2024-11-13,Average
15,198,1693,5,2024-01-09,Excellent
16,153,1003,4,2024-07-06,Good
17,183,1443,4,2024-08-31,Good
18,164,1676,3,2024-09-08,Average
19,164,1417,4,2024-02-14,Good
20,141,1295,5,2024-11-21,Excellent
21,196,1647,4,2024-03-03,Good
22,147,1125,2,2024-02-04,Poor
23,102,1409,2,2024-07-29,Poor
24,102,1762,4,2024-11-21,Good
25,105,1477,2,2024-04-19,Poor
26,120,1364,1,2024-08-27,Terrible
27,179,1674,4,2024-01-17,Good
28,158,1406,2,2024-05-27,Poor
29,166,1805,2,2024-02-19,Poor
30,196,1229,4,2024-04-30,Good
31,123,1522,5,2024-02-06,Excellent
32,116,1224,5,2024-06-07,Excellent
33,183,1588,3,2024-10-16,Average
34,185,1788,1,2024-03-06,Terrible
35,130,1310,1,2024-01-27,Terrible
36,154,1882,1,2024-02-29,Terrible
37,172,1721,4,2024-10-02,Good
38,163,1455,3,2024-01-24,Average
39,176,1456,3,2024-07-22,Average
40,100,1099,1,2024-04-19,Terrible
41,127,1346,1,2024-05-14,Terrible
42,100,1600,4,2024-11-10,Good
43,154,1019,1,2024-03-07,Terrible
44,120,1632,5,2024-10-04,Excellent
45,156,1260,1,2024-08-05,Terrible
46,192,1877,3,2024-05-03,Average
47,164,1250,3,2024-10-24,Average
48,106,1940,2,2024-03-11,Poor
49,141,1112,5,2024-06-28,Excellent
50,172,1683,2,2024-10-13,Poor
51,175,1441,3,2024-01-08,Average
52,154,1326,5,2024-02-03,Excellent
53,178,1853,4,2024-06-19,Good
54,136,1053,5,2024-05-11,Excellent
55,112,1088,5,2024-03-13,Excellent
56,106,1595,1,2024-11-25,Terrible
57,130,1489,3,2024-02-27,Average
58,180,1937,3,2024-06-28,Average
59,173,1651,1,2024-03-24,Terrible
60,189,1740,2,2024-03-10,Poor
61,145,1619,3,2024-10-30,Average
62,179,1497,1,2024-02-28,Terrible
63,172,1532,2,2024-07-31,Poor
64,139,1683,2,2024-07-08,Poor
65,155,1554,3,2024-12-08,Average
66,163,1004,3,2024-02-28,Average
67,151,1311,2,2024-11-14,Poor
68,107,1696,5,2024-10-18,Excellent
69,186,1052,3,2024-10-27,Average
70,151,1360,4,2024-03-09,Good
71,104,1149,1,2024-10-27,Terrible
72,149,1959,5,2024-04-15,Excellent
73,157,1818,3,2024-05-14,Average
74,195,1785,2,2024-03-13,Poor
75,186,1916,2,2024-01-12,Poor
76,100,1636,5,2024-11-15,Excellent
77,149,1815,5,2024-07-07,Excellent
78,134,1638,2,2024-09-03,Poor
79,109,1013,3,2023-12-30,Average
80,155,1190,1,2024-03-14,Terrible
81,133,1516,2,2024-10-19,Poor
82,127,1783,3,2024-02-15,Average
83,144,1817,5,2024-08-11,Excellent
84,101,1737,5,2024-01-22,Excellent
85,145,1566,5,2024-06-18,Excellent
86,200,1219,4,2024-11-04,Good
87,142,1358,3,2024-09-28,Average
88,188,1275,5,2024-03-26,Excellent
89,100,1008,4,2024-11-25,Good
90,107,1586,3,2024-08-08,Average
91,170,1989,2,2024-02-08,Poor
92,106,1177,1,2024-08-10,Terrible
93,187,1422,2,2024-10-13,Poor
94,182,1505,1,2024-06-16,Terrible
95,175,1847,2,2024-05-20,Poor
96,172,1395,5,2024-09-10,Excellent
97,124,1283,3,2024-05-08,Average
98,165,1072,5,2024-04-17,Excellent
99,130,1967,2,2024-02-02,Poor
100,176,1624,2,2024-06-22,Poor
101,171,1819,4,2024-02-05,Good
102,189,1791,4,2024-03-17,Good
103,109,1687,3,2024-04-05,Average
104,117,1440,5,2024-06-09,Excellent
105,186,1572,3,2024-11-28,Average
106,120,1937,1,2024-03-11,Terrible
107,144,1209,1,2023-12-31,Terrible
108,176,1938,3,2024-06-23,Average
109,111,1298,2,2024-02-29,Poor
110,101,1627,3,2024-11-26,Average
111,103,1821,3,2024-10-20,Average
112,174,1531,2,2024-03-07,Poor
113,153,1329,2,2024-09-24,Poor
114,191,1362,4,2024-10-11,Good
115,114,1179,2,2024-08-08,Poor
116,104,1475,3,2024-05-10,Average
117,167,1941,4,2024-03-11,Good
118,121,1907,2,2024-07-11,Poor
119,171,1042,5,2024-03-21,Excellent
120,104,1692,1,2024-03-03,Terrible
121,113,1278,2,2024-10-02,Poor
122,157,1283,3,2024-05-13,Average
123,133,1842,3,2024-11-28,Average
124,102,1789,2,2024-05-30,Poor
125,110,1729,3,2024-06-23,Average
126,181,1901,3,2024-10-02,Average
127,107,1358,4,2024-01-14,Good
128,198,1458,3,2024-09-06,Average
129,180,1060,4,2024-07-25,Good
130,134,1638,4,2024-02-13,Good
131,159,1816,3,2024-03-16,Average
132,139,1339,1,2024-06-03,Terrible
133,129,1165,5,2024-07-01,Excellent
134,176,1718,5,2024-07-24,Excellent
135,114,1928,5,2024-08-29,Excellent
136,140,1634,3,2024-07-14,Average
137,151,1330,4,2024-09-09,Good
138,195,1912,3,2024-10-19,Average
139,191,1604,5,2024-06-02,Excellent
140,187,1771,4,2024-01-05,Good
141,147,1016,1,2024-03-24,Terrible
142,139,1654,5,2024-04-17,Excellent
143,190,1091,1,2024-07-24,Terrible
144,193,1168,1,2024-05-12,Terrible
145,129,1509,1,2024-01-22,Terrible
146,178,1603,4,2024-05-31,Good
147,188,1488,4,2024-02-21,Good
148,163,1612,2,2024-09-12,Poor
149,119,1524,2,2024-11-16,Poor
150,163,1930,2,2024-07-17,Poor
151,124,1314,1,2024-02-21,Terrible
152,116,1164,2,2024-03-21,Poor
153,187,1254,5,2024-06-30,Excellent
154,141,1779,5,2024-10-24,Excellent
155,110,1064,3,2024-05-25,Average
156,116,1194,3,2024-10-19,Average
157,148,1962,1,2024-11-07,Terrible
158,150,1632,1,2024-07-12,Terrible
159,117,1262,1,2024-08-25,Terrible
160,153,1288,4,2024-09-10,Good
161,123,1862,5,2024-03-15,Excellent
162,198,1751,4,2024-02-13,Good
163,133,1924,3,2024-08-19,Average
164,126,1783,1,2024-04-19,Terrible
165,188,1931,5,2024-08-05,Excellent
166,167,1990,2,2024-10-21,Poor
167,124,1701,2,2024-07-06,Poor
168,118,1784,2,2024-01-03,Poor
169,176,1471,4,2024-08-04,Good
170,115,1768,1,2024-08-23,Terrible
171,146,1873,2,2024-06-17,Poor
172,156,1689,3,2024-05-26,Average
173,188,1908,1,2024-08-13,Terrible
174,154,1923,1,2024-10-19,Terrible
175,129,1154,1,2024-03-03,Terrible
176,174,1070,5,2024-11-27,Excellent
177,124,1013,2,2024-03-16,Poor
178,156,1262,3,2024-03-05,Average
179,109,1446,3,2024-12-07,Average
180,187,1915,2,2024-04-27,Poor
181,145,1603,2,2024-05-21,Poor
182,192,1354,1,2024-11-29,Terrible
183,106,1584,2,2024-01-25,Poor
184,169,1573,3,2024-05-25,Average
185,188,1395,3,2024-06-15,Average
186,135,1374,2,2024-04-29,Poor
187,101,1450,5,2024-08-23,Excellent
188,179,1848,5,2024-08-28,Excellent
189,128,1641,5,2024-03-29,Excellent
190,168,1989,3,2024-09-24,Average
191,193,1423,4,2024-05-15,Good
192,190,1898,1,2024-06-17,Terrible
193,141,1026,2,2024-05-13,Poor
194,164,1575,4,2024-03-22,Good
195,195,1809,1,2024-11-18,Terrible
196,118,1719,5,2024-01-13,Excellent
197,194,1785,5,2024-04-24,Excellent
198,162,1568,4,2024-05-04,Good
199,113,1251,3,2024-09-08,Average
200,188,1527,4,2024-04-11,Good
201,153,1582,5,2024-09-04,Excellent
202,101,1953,5,2024-06-20,Excellent
203,168,1790,5,2024-09-14,Excellent
204,196,1425,2,2024-01-15,Poor
205,200,1563,4,2024-06-24,Good
206,183,1057,3,2024-06-24,Average
207,129,1405,1,2024-09-11,Terrible
208,168,1695,4,2024-11-16,Good
209,106,1070,1,2024-10-10,Terrible
210,142,1569,1,2024-09-24,Terrible
211,105,1414,3,2024-03-13,Average
212,172,1990,5,2024-09-30,Excellent
213,100,1412,3,2024-08-10,Average
214,180,1004,4,2024-08-06,Good
215,143,1352,2,2024-09-03,Poor
216,154,1784,1,2024-03-28,Terrible
217,132,1490,1,2024-01-01,Terrible
218,186,1325,3,2024-04-15,Average
219,166,1434,3,2024-02-12,Average
220,101,1735,4,2024-08-18,Good
221,136,1576,2,2024-02-28,Poor
222,127,1502,2,2024-06-23,Poor
223,164,1541,1,2024-10-19,Terrible
224,156,1803,3,2024-07-02,Average
225,135,1618,3,2024-08-12,Average
226,107,1151,3,2024-04-01,Average
227,150,1947,4,2024-11-10,Good
228,195,1775,5,2024-07-19,Excellent
229,114,1700,1,2024-06-21,Terrible
230,104,1551,1,2024-12-01,Terrible
231,144,1975,5,2024-12-05,Excellent
232,181,1804,5,2024-03-27,Excellent
233,157,1027,4,2024-03-22,Good
234,190,1735,5,2024-01-15,Excellent
235,200,1332,1,2024-06-29,Terrible
236,168,1444,2,2024-02-11,Poor
237,104,1250,4,2024-09-01,Good
238,183,1686,3,2024-01-13,Average
239,130,1980,1,2024-11-04,Terrible
240,172,1051,3,2024-04-04,Average
241,197,1042,4,2024-05-06,Good
242,151,1481,1,2024-11-22,Terrible
243,105,1859,4,2024-03-03,Good
244,109,1072,3,2024-10-03,Average
245,151,1963,5,2024-01-26,Excellent
246,190,1740,4,2024-03-05,Good
247,165,1230,1,2024-02-07,Terrible
248,119,1029,3,2024-11-25,Average
249,170,1108,3,2024-02-19,Average
250,115,1255,3,2024-02-05,Average
251,172,1500,1,2024-11-18,Terrible
252,161,1148,2,2024-05-04,Poor
253,196,1736,3,2024-06-25,Average
254,160,1678,3,2024-02-03,Average
255,135,1983,3,2024-07-24,Average
256,152,1192,1,2024-05-21,Terrible
257,113,1792,4,2024-08-01,Good
258,153,1995,5,2024-09-11,Excellent
259,156,1755,5,2024-08-11,Excellent
260,121,1456,4,2024-02-10,Good
261,154,1895,4,2024-03-17,Good
262,113,1033,2,2024-01-13,Poor
263,139,1468,3,2024-08-12,Average
264,186,1140,2,2024-08-20,Poor
265,185,1645,1,2024-07-12,Terrible
266,163,1719,4,2024-11-27,Good
267,116,1876,2,2024-05-05,Poor
268,111,1438,3,2024-08-14,Average
269,193,1448,4,2024-03-03,Good
270,193,1464,5,2024-08-25,Excellent
271,100,1455,1,2024-09-03,Terrible
272,124,1883,5,2024-11-06,Excellent
273,118,1885,5,2024-04-05,Excellent
274,148,1775,4,2024-01-11,Good
275,145,1625,1,2024-03-05,Terrible
276,156,1328,1,2024-05-17,Terrible
277,167,1305,3,2024-09-12,Average
278,190,1694,3,2024-10-23,Average
279,188,1743,3,2024-08-26,Average
280,118,1581,4,2024-06-20,Good
281,140,1463,2,2024-04-30,Poor
282,176,1426,1,2024-01-07,Terrible
283,177,1149,5,2024-09-02,Excellent
284,152,1775,5,2024-01-08,Excellent
285,107,1351,4,2024-12-09,Good
286,167,1172,1,2024-11-28,Terrible
287,192,1783,4,2024-05-27,Good
288,137,1496,3,2024-05-01,Average
289,119,1929,4,2024-05-31,Good
290,191,1478,2,2024-03-31,Poor
291,158,1841,4,2024-03-23,Good
292,188,1958,1,2024-11-23,Terrible
293,111,1667,4,2024-06-22,Good
294,175,1114,4,2024-04-01,Good
295,153,1682,5,2024-08-28,Excellent
296,177,1056,1,2024-07-04,Terrible
297,200,1436,1,2024-06-23,Terrible
298,181,1512,2,2024-07-29,Poor
299,200,1698,4,2024-08-28,Good
300,156,1576,5,2024-11-26,Excellent
301,130,1108,3,2024-06-03,Average
302,114,1931,2,2024-03-23,Poor
303,154,1863,1,2024-10-01,Terrible
304,161,1712,4,2024-04-16,Good
305,162,1291,5,2024-01-05,Excellent
306,104,1769,4,2024-01-03,Good
307,175,1472,3,2024-04-16,Average
308,170,1122,5,2024-07-26,Excellent
309,112,1013,4,2024-04-05,Good
310,127,1376,2,2024-10-01,Poor
311,124,1132,2,2024-10-19,Poor
312,141,1081,5,2024-06-04,Excellent
313,176,1335,2,2024-07-08,Poor
314,138,1902,3,2024-10-01,Average
315,130,1203,4,2024-12-07,Good
316,191,1132,3,2024-01-07,Average
317,111,1458,2,2024-10-08,Poor
318,127,1776,4,2024-04-04,Good
319,117,1313,2,2024-08-13,Poor
320,185,1632,4,2024-09-30,Good
321,174,1776,4,2024-10-03,Good
322,129,1221,2,2024-01-27,Poor
323,150,1855,3,2024-10-20,Average
324,135,1290,2,2024-09-25,Poor
325,105,1666,1,2024-06-26,Terrible
326,142,1205,1,2024-04-11,Terrible
327,152,1243,1,2024-08-27,Terrible
328,145,1504,4,2024-11-28,Good
329,184,1442,1,2024-10-17,Terrible
330,165,1848,4,2024-07-31,Good
331,181,1650,3,2024-11-16,Average
332,161,1231,4,2024-11-09,Good
333,174,1139,3,2024-02-12,Average
334,131,1736,1,2024-08-09,Terrible
335,141,1143,4,2024-06-24,Good
336,150,1668,4,2024-01-05,Good
337,192,1463,1,2024-02-03,Terrible
338,100,1587,3,2024-02-25,Average
339,159,1860,4,2024-08-11,Good
340,164,1955,3,2024-07-31,Average
341,173,1935,5,2024-09-08,Excellent
342,101,1395,5,2024-06-15,Excellent
343,117,1834,5,2024-08-02,Excellent
344,148,1864,2,2024-10-28,Poor
345,179,1032,1,2024-03-23,Terrible
346,153,1366,1,2024-02-25,Terrible
347,160,1378,3,2024-07-16,Average
348,110,1595,3,2024-10-28,Average
349,124,1597,4,2024-04-24,Good
350,138,1515,3,2024-09-20,Average
351,124,1775,4,2024-08-16,Good
352,200,1809,3,2024-09-11,Average
353,131,1101,1,2024-03-26,Terrible
354,124,1068,2,2024-05-31,Poor
355,151,1924,4,2024-04-03,Good
356,175,1731,1,2024-03-13,Terrible
357,130,1820,3,2024-05-10,Average
358,147,1406,1,2024-10-29,Terrible
359,132,1901,5,2024-03-17,Excellent
360,198,1895,2,2024-05-16,Poor
361,104,1969,5,2024-04-04,Excellent
362,148,1210,5,2024-07-11,Excellent
363,126,1068,2,2024-08-26,Poor
364,179,1033,4,2024-05-01,Good
365,127,1319,4,2024-11-05,Good
366,155,1396,2,2024-04-02,Poor
367,151,1537,3,2024-01-04,Average
368,190,1656,3,2024-09-14,Average
369,192,1630,1,2024-10-04,Terrible
370,167,1277,3,2024-07-07,Average
371,172,1280,2,2024-02-01,Poor
372,132,1405,2,2024-04-15,Poor
373,117,1547,2,2024-05-31,Poor
374,172,1625,4,2024-01-30,Good
375,166,1427,2,2024-02-16,Poor
376,152,1735,5,2024-04-02,Excellent
377,114,1817,3,2024-05-25,Average
378,169,1815,5,2024-05-12,Excellent
379,112,1153,4,2024-08-14,Good
380,120,1067,3,2024-04-12,Average
381,193,1647,5,2024-01-14,Excellent
382,190,1363,1,2024-03-29,Terrible
383,161,1700,3,2024-10-31,Average
384,133,1949,2,2024-03-12,Poor
385,172,1636,4,2024-04-02,Good
386,146,1523,5,2024-08-27,Excellent
387,199,1219,5,2024-01-01,Excellent
388,182,1230,5,2024-11-28,Excellent
389,136,1212,5,2024-05-15,Excellent
390,101,1489,2,2024-10-30,Poor
391,185,1420,5,2024-10-31,Excellent
392,166,1073,2,2024-02-22,Poor
393,132,1390,1,2024-05-23,Terrible
394,172,1353,4,2023-12-31,Good
395,152,1461,5,2024-09-09,Excellent
396,110,1335,1,2024-02-27,Terrible
397,192,1524,2,2024-05-11,Poor
398,180,1404,1,2024-07-04,Terrible
399,125,1578,3,2024-10-18,Average
400,140,1434,5,2024-10-07,Excellent
401,102,1731,5,2024-06-21,Excellent
402,171,1972,1,2024-05-01,Terrible
403,119,1980,4,2024-08-07,Good
404,115,1241,3,2024-10-01,Average
405,118,1823,4,2024-12-04,Good
406,133,1714,1,2024-09-24,Terrible
407,163,1476,4,2024-07-20,Good
408,152,1067,2,2024-11-04,Poor
409,105,1482,5,2024-06-22,Excellent
410,125,1013,4,2024-05-19,Good
411,116,1293,1,2024-04-23,Terrible
412,103,1635,5,2024-01-28,Excellent
413,132,1324,1,2024-07-21,Terrible
414,181,1282,4,2024-03-01,Good
415,149,1429,3,2024-10-23,Average
416,100,1492,3,2024-07-26,Average
417,120,1386,2,2024-08-22,Poor
418,190,1455,1,2024-06-06,Terrible
419,107,1183,4,2024-01-20,Good
420,103,1742,4,2024-03-25,Good
421,145,1830,2,2024-02-29,Poor
422,174,1799,1,2024-11-21,Terrible
423,171,1132,1,2024-06-27,Terrible
424,180,1623,3,2024-03-21,Average
425,137,1178,2,2024-07-31,Poor
426,161,1544,5,2024-09-03,Excellent
427,154,1214,4,2024-08-17,Good
428,150,1660,4,2024-03-15,Good
429,185,1102,2,2024-09-27,Poor
430,166,1780,1,2024-02-01,Terrible
431,137,1167,3,2024-03-07,Average
432,166,1490,3,2024-02-08,Average
433,198,1973,3,2024-04-11,Average
434,159,1015,3,2024-05-26,Average
435,153,1955,4,2024-02-15,Good
436,187,1030,5,2024-12-05,Excellent
437,142,1117,5,2024-01-21,Excellent
438,125,1669,5,2024-06-20,Excellent
439,167,1681,3,2024-06-27,Average
440,142,1468,1,2024-11-06,Terrible
441,192,1232,3,2024-09-01,Average
442,120,1632,2,2024-09-26,Poor
443,147,1071,3,2024-06-19,Average
444,167,1608,4,2024-09-06,Good
445,200,1945,1,2024-07-14,Terrible
446,200,1542,1,2024-08-17,Terrible
447,158,1178,3,2024-04-19,Average
448,109,1664,3,2024-01-05,Average
449,183,1304,4,2024-11-24,Good
450,150,1504,1,2024-02-19,Terrible
451,174,1685,4,2024-02-13,Good
452,148,1353,1,2024-05-21,Terrible
453,136,1681,1,2024-10-16,Terrible
454,188,1235,1,2024-01-27,Terrible
455,149,1232,1,2024-12-09,Terrible
456,129,1260,4,2024-11-02,Good
457,197,1741,4,2024-10-22,Good
458,128,1129,5,2024-01-09,Excellent
459,139,1252,5,2024-05-02,Excellent
460,120,1264,3,2024-10-25,Average
461,139,1054,5,2024-08-09,Excellent
462,122,1883,2,2024-01-14,Poor
463,175,1121,1,2024-09-19,Terrible
464,194,1045,4,2024-01-29,Good
465,116,1956,1,2024-08-01,Terrible
466,136,1657,3,2024-07-27,Average
467,121,1552,5,2024-01-09,Excellent
468,167,1945,5,2024-08-27,Excellent
469,104,1205,4,2024-12-01,Good
470,164,1556,5,2024-08-13,Excellent
471,166,1538,3,2024-03-30,Average
472,116,1659,5,2024-01-02,Excellent
473,129,1353,4,2024-09-15,Good
474,123,1799,5,2024-06-11,Excellent
475,119,1743,1,2024-05-26,Terrible
476,147,1041,4,2024-11-29,Good
477,174,1650,5,2024-01-05,Excellent
478,198,1737,1,2024-07-19,Terrible
479,123,1428,2,2024-05-13,Poor
480,147,1768,5,2024-04-21,Excellent
481,190,1996,4,2024-02-22,Good
482,190,1466,3,2024-01-12,Average
483,134,1239,4,2024-08-21,Good
484,139,1876,3,2024-04-08,Average
485,177,1643,4,2024-10-18,Good
486,130,1880,4,2024-02-23,Good
487,198,1164,1,2024-06-16,Terrible
488,136,1654,2,2024-12-08,Poor
489,188,1046,3,2024-11-22,Average
490,134,1959,2,2024-11-04,Poor
491,155,1539,3,2024-07-08,Average
492,159,1495,5,2024-11-28,Excellent
493,107,1446,2,2024-07-18,Poor
494,153,1770,4,2024-07-31,Good
495,146,1983,1,2024-09-19,Terrible
496,171,1098,4,2024-06-24,Good
497,137,1768,2,2024-07-22,Poor
498,157,1902,1,2024-01-04,Terrible
499,137,1485,1,2024-10-13,Terrible
500,184,1744,5,2024-02-15,Excellent
501,125,1115,4,2024-12-01,Good
502,126,1898,5,2024-09-12,Excellent
503,199,1419,5,2024-05-07,Excellent
504,143,1947,2,2024-06-14,Poor
505,176,1618,4,2024-04-18,Good
506,132,1058,2,2024-04-23,Poor
507,128,1688,1,2024-04-11,Terrible
508,111,1940,2,2024-09-22,Poor
509,119,1131,2,2024-05-09,Poor
510,164,1531,5,2024-05-19,Excellent
511,179,1669,3,2024-05-13,Average
512,179,1450,4,2024-02-09,Good
513,150,1898,1,2024-03-07,Terrible
514,117,1525,1,2024-12-01,Terrible
515,144,1494,3,2024-05-11,Average
516,178,1504,2,2024-06-05,Poor
517,135,1242,4,2024-11-10,Good
518,165,1031,2,2024-08-03,Poor
519,157,1642,3,2024-07-27,Average
520,185,1551,4,2024-08-21,Good
521,112,1290,1,2024-11-10,Terrible
522,104,1897,3,2024-09-02,Average
523,155,1066,4,2024-05-14,Good
524,116,1743,3,2024-05-16,Average
525,112,1922,5,2024-03-26,Excellent
526,197,1094,1,2024-08-09,Terrible
527,194,1874,2,2024-04-11,Poor
528,112,1128,5,2024-06-19,Excellent
529,154,1864,5,2024-01-05,Excellent
530,137,1035,4,2024-06-18,Good
531,199,1287,5,2024-05-31,Excellent
532,126,1438,5,2024-05-16,Excellent
533,129,1252,4,2024-04-16,Good
534,198,1685,2,2024-01-08,Poor
535,128,1297,3,2024-01-02,Average
536,125,1550,4,2024-03-30,Good
537,166,1607,4,2024-11-16,Good
538,169,1235,1,2024-06-06,Terrible
539,199,1993,5,2024-01-17,Excellent
540,193,1324,1,2024-01-05,Terrible
541,122,1989,2,2024-07-26,Poor
542,143,1371,5,2024-10-03,Excellent
543,134,1048,5,2024-10-12,Excellent
544,137,1023,2,2024-08-26,Poor
545,101,1870,2,2024-09-30,Poor
546,193,1699,4,2024-05-23,Good
547,159,1151,5,2024-11-12,Excellent
548,141,1476,5,2024-10-03,Excellent
549,187,1184,3,2024-10-06,Average
550,156,1637,5,2024-11-24,Excellent
551,171,1678,5,2024-05-04,Excellent
552,115,1955,3,2024-09-15,Average
553,133,1979,4,2024-03-10,Good
554,112,1914,1,2024-11-07,Terrible
555,149,1126,1,2024-04-13,Terrible
556,162,1306,1,2024-08-18,Terrible
557,108,1104,4,2024-03-13,Good
558,154,1278,1,2024-05-10,Terrible
559,172,1874,4,2024-06-04,Good
560,149,1097,5,2024-03-22,Excellent
561,134,1894,3,2024-01-11,Average
562,137,1889,3,2024-01-18,Average
563,135,1390,2,2024-10-17,Poor
564,175,1761,2,2024-01-14,Poor
565,128,1441,1,2024-08-04,Terrible
566,196,1458,2,2024-10-05,Poor
567,142,1942,4,2024-10-15,Good
568,194,1651,5,2024-03-15,Excellent
569,165,1647,5,2024-01-17,Excellent
570,127,1494,5,2024-01-28,Excellent
571,173,1982,5,2024-04-24,Excellent
572,124,1096,2,2024-01-26,Poor
573,125,1350,3,2024-02-20,Average
574,194,1500,5,2024-06-08,Excellent
575,130,1555,4,2024-09-09,Good
576,198,1718,4,2024-05-19,Good
577,160,1795,2,2024-07-22,Poor
578,120,1311,2,2024-12-09,Poor
579,149,1686,4,2024-10-22,Good
580,192,1196,2,2024-11-08,Poor
581,196,1504,1,2024-11-14,Terrible
582,100,1391,2,2024-07-22,Poor
583,160,1696,3,2024-07-27,Average
584,176,1362,5,2024-04-09,Excellent
585,175,1067,3,2024-01-04,Average
586,112,1396,1,2024-05-12,Terrible
587,113,1859,1,2024-07-08,Terrible
588,157,1946,4,2024-01-24,Good
589,169,1060,3,2024-05-01,Average
590,112,1054,2,2024-01-30,Poor
591,158,1734,1,2024-09-20,Terrible
592,146,1082,3,2024-08-30,Average
593,141,1925,3,2024-09-07,Average
594,144,1975,1,2024-04-19,Terrible
595,154,1545,1,2024-07-14,Terrible
596,158,1407,1,2024-01-17,Terrible
597,166,1778,4,2024-07-17,Good
598,184,1233,3,2024-06-21,Average
599,189,1225,4,2024-08-25,Good
600,192,1008,5,2024-11-15,Excellent
601,183,1458,1,2024-01-09,Terrible
602,137,1861,4,2024-07-24,Good
603,155,1501,5,2024-04-19,Excellent
604,157,1605,3,2024-04-12,Average
605,163,1011,5,2024-04-13,Excellent
606,110,1070,4,2024-09-19,Good
607,191,1959,4,2024-06-09,Good
608,180,1191,4,2024-06-21,Good
609,156,1569,5,2024-02-25,Excellent
610,117,1159,4,2024-07-08,Good
611,145,1850,5,2024-10-28,Excellent
612,119,1258,1,2024-05-17,Terrible
613,122,1680,1,2024-04-05,Terrible
614,106,1345,2,2024-04-14,Poor
615,156,1969,4,2024-08-22,Good
616,103,1250,4,2024-06-23,Good
617,147,1100,3,2024-09-26,Average
618,198,1790,2,2024-06-15,Poor
619,119,1498,3,2024-05-03,Average
620,136,1184,2,2024-06-16,Poor
621,161,1379,5,2024-08-04,Excellent
622,200,1642,3,2024-01-04,Average
623,107,1255,3,2024-02-01,Average
624,182,1488,2,2024-07-09,Poor
625,176,1316,3,2024-11-24,Average
626,181,1655,5,2024-03-09,Excellent
627,149,1816,4,2024-08-24,Good
628,172,1990,3,2024-12-01,Average
629,117,1736,5,2024-11-17,Excellent
630,186,1627,1,2024-11-09,Terrible
631,159,1445,5,2024-04-21,Excellent
632,142,1842,4,2024-04-13,Good
633,163,1570,3,2024-11-12,Average
634,176,1911,2,2024-05-31,Poor
635,174,1391,3,2024-10-17,Average
636,173,1095,5,2024-02-24,Excellent
637,143,1327,1,2024-05-26,Terrible
638,106,1907,2,2024-09-30,Poor
639,171,1203,1,2024-02-01,Terrible
640,174,1228,4,2024-08-25,Good
641,127,1099,4,2024-10-11,Good
642,113,1469,4,2024-02-02,Good
643,188,1618,4,2024-02-07,Good
644,121,1718,2,2024-03-22,Poor
645,150,1032,1,2024-06-23,Terrible
646,143,1401,4,2024-01-14,Good
647,177,1156,5,2024-11-18,Excellent
648,186,1444,1,2024-08-10,Terrible
649,145,1504,1,2024-05-02,Terrible
650,179,1887,1,2024-01-24,Terrible
651,159,1348,4,2024-07-25,Good
652,169,1257,3,2024-06-01,Average
653,149,1638,3,2024-03-13,Average
654,103,1407,4,2024-04-24,Good
655,169,1561,2,2024-08-23,Poor
656,111,1776,2,2024-05-27,Poor
657,111,1537,4,2024-01-06,Good
658,114,1899,4,2024-01-22,Good
659,184,1232,5,2024-05-06,Excellent
660,110,1270,1,2024-10-26,Terrible
661,124,1243,2,2024-04-19,Poor
662,120,1551,1,2024-05-28,Terrible
663,132,1093,4,2024-10-17,Good
664,154,1072,2,2024-10-10,Poor
665,102,1505,5,2024-10-23,Excellent
666,152,1073,5,2024-02-23,Excellent
667,193,1561,4,2024-11-02,Good
668,106,1479,3,2024-04-10,Average
669,188,1933,2,2024-05-22,Poor
670,113,1513,3,2024-08-03,Average
671,129,1246,3,2024-09-13,Average
672,144,1421,2,2024-03-05,Poor
673,198,1645,3,2024-06-01,Average
674,153,1445,3,2024-12-08,Average
675,187,1258,3,2024-11-05,Average
676,112,1890,5,2024-09-28,Excellent
677,122,1046,1,2024-02-20,Terrible
678,102,1856,1,2024-11-11,Terrible
679,177,1113,5,2024-11-09,Excellent
680,132,1189,3,2024-09-30,Average
681,186,1003,5,2024-03-13,Excellent
682,126,1622,5,2024-03-11,Excellent
683,148,1228,1,2024-10-15,Terrible
684,125,1696,3,2024-06-23,Average
685,144,1459,5,2024-02-10,Excellent
686,154,1944,5,2024-08-20,Excellent
687,137,1825,4,2024-08-18,Good
688,127,1224,2,2024-06-02,Poor
689,139,1052,4,2024-03-03,Good
690,192,1966,3,2024-10-04,Average
691,161,1493,3,2024-09-11,Average
692,189,1459,2,2024-09-10,Poor
693,186,1936,3,2024-07-21,Average
694,179,1415,1,2024-08-08,Terrible
695,100,1584,2,2024-06-28,Poor
696,108,1481,4,2024-08-08,Good
697,121,1654,5,2024-08-08,Excellent
698,185,1763,3,2024-08-01,Average
699,174,1898,1,2024-09-07,Terrible
700,185,1423,2,2024-06-22,Poor
701,155,1420,3,2024-09-14,Average
702,143,1130,3,2024-06-06,Average
703,116,1832,3,2024-09-06,Average
704,180,1984,1,2024-09-03,Terrible
705,117,1890,3,2024-11-04,Average
706,198,1283,5,2024-01-10,Excellent
707,110,1924,2,2024-11-23,Poor
708,108,1201,3,2024-07-24,Average
709,151,1527,5,2024-02-05,Excellent
710,163,1402,1,2024-10-02,Terrible
711,145,1472,4,2024-03-29,Good
712,128,1732,4,2024-10-26,Good
713,191,1230,1,2024-01-26,Terrible
714,127,1650,1,2024-03-11,Terrible
715,152,1261,3,2024-09-03,Average
716,123,1518,4,2024-09-11,Good
717,172,1551,4,2024-07-08,Good
718,179,1616,1,2024-02-02,Terrible
719,106,1020,3,2024-09-13,Average
720,159,1495,3,2024-10-31,Average
721,174,1802,2,2024-01-28,Poor
722,137,1242,4,2024-08-31,Good
723,186,1159,2,2024-07-15,Poor
724,157,1772,5,2024-01-14,Excellent
725,187,1833,4,2024-04-12,Good
726,136,1882,4,2024-06-27,Good
727,148,1938,3,2024-11-04,Average
728,136,1115,4,2024-06-22,Good
729,181,1722,4,2024-10-16,Good
730,173,1513,2,2024-04-25,Poor
731,107,1031,5,2024-08-15,Excellent
732,193,1334,2,2024-12-07,Poor
733,156,1693,2,2024-11-24,Poor
734,176,1678,5,2024-05-18,Excellent
735,145,1450,4,2024-09-09,Good
736,165,1183,4,2024-06-26,Good
737,117,1905,2,2024-04-28,Poor
738,161,1808,4,2024-04-10,Good
739,193,1069,3,2024-08-22,Average
740,165,1324,2,2024-07-09,Poor
741,100,1454,5,2024-08-06,Excellent
742,137,1076,4,2024-01-01,Good
743,137,1981,2,2024-10-12,Poor
744,128,1589,1,2024-01-02,Terrible
745,128,1218,3,2024-03-04,Average
746,166,1918,4,2024-04-03,Good
747,140,1312,5,2024-11-21,Excellent
748,166,1740,5,2024-08-05,Excellent
749,161,1453,4,2024-05-03,Good
750,156,1222,2,2024-11-11,Poor
751,102,1909,3,2024-11-10,Average
752,135,1210,1,2024-10-02,Terrible
753,148,1830,2,2024-05-13,Poor
754,103,1677,4,2024-09-27,Good
755,130,1829,3,2024-03-24,Average
756,198,1042,4,2024-01-16,Good
757,147,1504,1,2024-05-01,Terrible
758,132,1513,3,2023-12-31,Average
759,113,1932,1,2024-11-10,Terrible
760,181,1409,2,2024-09-22,Poor
761,177,1397,3,2024-01-18,Average
762,165,1514,4,2024-09-20,Good
763,191,1473,3,2024-01-03,Average
764,127,1904,4,2024-06-11,Good
765,197,1662,2,2024-07-12,Poor
766,185,1187,1,2024-07-11,Terrible
767,156,1751,3,2024-11-07,Average
768,127,1147,3,2024-04-02,Average
769,157,1195,4,2024-08-30,Good
770,156,1806,1,2024-01-05,Terrible
771,102,1327,1,2024-11-11,Terrible
772,140,1737,4,2024-01-14,Good
773,178,1213,2,2024-09-20,Poor
774,129,1819,3,2024-04-24,Average
775,174,1823,2,2024-01-22,Poor
776,128,1522,5,2024-09-11,Excellent
777,143,1015,3,2024-03-12,Average
778,159,1012,4,2024-02-03,Good
779,135,1011,5,2024-07-04,Excellent
780,118,1114,2,2024-05-09,Poor
781,152,1168,5,2024-03-16,Excellent
782,121,1421,3,2024-12-02,Average
783,108,1150,4,2024-06-04,Good
784,155,1569,1,2024-08-12,Terrible
785,191,1770,5,2024-10-24,Excellent
786,165,1900,2,2024-01-28,Poor
787,140,1487,4,2024-11-05,Good
788,100,1116,4,2024-04-16,Good
789,108,1491,1,2024-07-07,Terrible
790,152,1730,2,2024-03-17,Poor
791,191,1852,1,2024-12-06,Terrible
792,197,1403,4,2024-03-04,Good
793,102,1699,1,2024-08-11,Terrible
794,175,1155,3,2024-02-06,Average
795,178,1565,4,2024-01-30,Good
796,152,1207,5,2024-11-21,Excellent
797,175,1835,4,2024-09-08,Good
798,197,1122,5,2024-02-06,Excellent
799,118,1008,4,2024-06-02,Good
800,115,1489,1,2024-04-06,Terrible
801,175,1611,4,2024-03-31,Good
802,170,1129,1,2024-07-17,Terrible
803,152,1056,1,2024-01-02,Terrible
804,184,1682,2,2024-04-03,Poor
805,166,1417,4,2024-06-19,Good
806,144,1311,5,2024-06-08,Excellent
807,134,1557,4,2024-10-30,Good
808,170,1882,3,2024-07-14,Average
809,124,1166,2,2024-06-17,Poor
810,190,1388,2,2024-11-25,Poor
811,182,1138,1,2024-10-05,Terrible
812,132,1567,5,2024-06-12,Excellent
813,115,1854,2,2024-04-13,Poor
814,145,1026,1,2024-12-04,Terrible
815,109,1596,4,2024-11-04,Good
816,129,1482,4,2024-08-12,Good
817,152,1865,2,2024-07-04,Poor
818,143,1976,5,2024-04-26,Excellent
819,195,1499,1,2024-08-14,Terrible
820,155,1121,4,2024-11-14,Good
821,163,1938,1,2024-01-08,Terrible
822,103,1126,1,2024-01-17,Terrible
823,143,1790,4,2024-05-19,Good
824,183,1526,2,2024-11-30,Poor
825,106,1483,4,2024-05-10,Good
826,185,1421,4,2024-08-17,Good
827,130,1273,4,2024-03-07,Good
828,149,1955,4,2024-07-25,Good
829,110,1134,5,2024-02-26,Excellent
830,110,1271,4,2024-04-27,Good
831,139,1570,1,2024-04-18,Terrible
832,198,1472,2,2024-09-19,Poor
833,163,1334,5,2024-02-26,Excellent
834,134,1272,3,2024-06-28,Average
835,121,1998,5,2024-05-27,Excellent
836,192,1058,2,2024-09-24,Poor
837,101,1774,2,2024-10-08,Poor
838,175,1006,4,2024-05-04,Good
839,155,1472,4,2024-04-10,Good
840,127,1851,2,2024-05-05,Poor
841,182,1740,1,2024-03-20,Terrible
842,154,1503,1,2024-05-03,Terrible
843,179,1580,1,2024-04-21,Terrible
844,113,1492,4,2024-03-12,Good
845,160,1473,3,2024-06-08,Average
846,139,1572,2,2023-12-30,Poor
847,175,1214,2,2024-01-07,Poor
848,175,1359,3,2024-07-21,Average
849,163,1054,1,2024-06-17,Terrible
850,156,1177,1,2024-03-26,Terrible
851,162,1206,3,2024-01-17,Average
852,125,1236,5,2024-05-30,Excellent
853,163,1926,2,2024-08-26,Poor
854,195,1335,4,2024-10-01,Good
855,120,1998,3,2024-01-20,Average
856,173,1323,1,2024-06-22,Terrible
857,105,1175,3,2024-09-11,Average
858,110,1980,5,2024-06-18,Excellent
859,112,1938,4,2024-07-31,Good
860,181,1630,3,2024-11-01,Average
861,119,1297,1,2024-10-28,Terrible
862,129,1687,4,2024-01-15,Good
863,147,1748,4,2024-05-28,Good
864,169,1662,4,2024-03-20,Good
865,117,1626,4,2024-05-08,Good
866,159,1940,5,2024-03-02,Excellent
867,193,1735,1,2024-10-26,Terrible
868,123,1320,1,2024-01-26,Terrible
869,199,1299,4,2024-06-14,Good
870,138,1521,3,2024-08-03,Average
871,157,1731,2,2024-09-20,Poor
872,156,1334,3,2024-10-13,Average
873,101,1573,3,2024-10-06,Average
874,140,1078,1,2024-03-03,Terrible
875,132,1562,3,2024-08-14,Average
876,105,1686,4,2024-07-07,Good
877,179,1178,4,2024-02-11,Good
878,117,1785,4,2024-10-21,Good
879,125,1436,3,2024-05-18,Average
880,190,1282,1,2024-02-07,Terrible
881,142,1988,4,2024-12-05,Good
882,167,1137,4,2024-07-10,Good
883,127,1801,4,2024-07-01,Good
884,133,1093,5,2024-08-15,Excellent
885,181,1929,5,2024-03-26,Excellent
886,140,1626,5,2024-04-11,Excellent
887,182,1140,4,2024-11-25,Good
888,157,1490,1,2024-02-21,Terrible
889,191,1749,4,2024-04-20,Good
890,200,1088,4,2024-11-03,Good
891,161,1072,4,2024-06-10,Good
892,161,1858,1,2024-01-02,Terrible
893,163,1359,3,2024-05-02,Average
894,132,1346,5,2024-04-07,Excellent
895,165,1879,1,2024-03-04,Terrible
896,119,1618,4,2024-05-01,Good
897,132,1992,3,2024-06-23,Average
898,106,1911,5,2024-03-30,Excellent
899,167,1294,3,2024-05-01,Average
900,171,1562,1,2024-12-06,Terrible
901,198,1938,3,2024-04-24,Average
902,109,1535,4,2024-11-30,Good
903,188,1116,2,2024-08-16,Poor
904,139,1917,3,2024-03-30,Average
905,140,1991,4,2024-06-23,Good
906,120,1839,5,2024-03-12,Excellent
907,153,1445,1,2024-09-05,Terrible
908,139,1943,5,2024-07-15,Excellent
909,198,1483,3,2024-03-04,Average
910,144,1577,3,2024-08-02,Average
911,126,1940,3,2024-03-25,Average
912,160,1709,4,2024-01-29,Good
913,123,1525,1,2024-04-02,Terrible
914,151,1177,4,2024-07-21,Good
915,103,1828,2,2024-05-07,Poor
916,105,1721,5,2024-05-17,Excellent
917,130,1701,4,2024-09-24,Good
918,117,1251,4,2024-01-08,Good
919,179,1446,5,2024-10-04,Excellent
920,136,1459,5,2024-08-24,Excellent
921,189,1022,3,2024-11-13,Average
922,177,1387,2,2024-06-09,Poor
923,166,1787,2,2024-11-10,Poor
924,130,1879,2,2024-01-03,Poor
925,145,1241,1,2024-04-03,Terrible
926,122,1802,5,2024-10-09,Excellent
927,124,1773,3,2024-09-02,Average
928,168,1733,5,2024-01-06,Excellent
929,189,1503,4,2024-06-26,Good
930,171,1530,4,2024-06-06,Good
931,132,1624,3,2024-01-17,Average
932,123,1132,1,2024-06-16,Terrible
933,182,1774,2,2024-02-05,Poor
934,118,1087,3,2024-06-12,Average
935,184,1227,3,2024-11-10,Average
936,124,1633,1,2024-06-26,Terrible
937,165,1043,3,2024-03-29,Average
938,125,1406,2,2024-10-07,Poor
939,194,1932,4,2024-11-16,Good
940,149,1167,3,2024-08-22,Average
941,123,1436,5,2024-11-12,Excellent
942,200,1736,3,2024-01-07,Average
943,134,1589,2,2024-05-02,Poor
944,173,1365,2,2024-06-06,Poor
945,174,1315,5,2024-03-12,Excellent
946,172,1173,3,2024-05-04,Average
947,105,1787,1,2024-04-21,Terrible
948,110,1465,4,2024-05-07,Good
949,143,1115,1,2024-05-30,Terrible
950,146,1351,3,2024-10-16,Average
951,172,1047,2,2024-04-16,Poor
952,177,1266,3,2024-10-28,Average
953,160,1667,4,2024-05-27,Good
954,115,1253,5,2024-02-25,Excellent
955,167,1816,3,2024-06-15,Average
956,162,1799,5,2024-04-30,Excellent
957,143,2000,5,2024-05-07,Excellent
958,157,1644,2,2024-12-06,Poor
959,175,1187,2,2024-11-24,Poor
960,141,1013,3,2024-04-29,Average
961,184,1042,4,2024-07-14,Good
962,146,1971,4,2024-01-30,Good
963,131,1920,2,2024-01-20,Poor
964,148,1978,3,2024-04-18,Average
965,116,1726,1,2024-02-27,Terrible
966,140,1657,4,2024-01-19,Good
967,152,1179,2,2024-12-01,Poor
968,192,1531,4,2024-02-24,Good
969,120,1265,5,2024-02-28,Excellent
970,122,1208,5,2024-11-11,Excellent
971,153,1565,2,2024-01-13,Poor
972,199,1172,3,2024-10-21,Average
973,108,1484,2,2024-01-11,Poor
974,136,1734,2,2024-05-09,Poor
975,117,1073,2,2024-08-10,Poor
976,103,1954,3,2024-07-04,Average
977,111,1326,1,2024-12-09,Terrible
978,131,1080,4,2024-02-01,Good
979,105,1093,1,2024-08-19,Terrible
980,191,1348,5,2024-05-20,Excellent
981,105,1988,2,2024-11-16,Poor
982,101,1050,3,2024-07-10,Average
983,172,1284,2,2024-04-08,Poor
984,184,1069,3,2024-05-03,Average
985,109,1038,1,2024-11-30,Terrible
986,145,1093,4,2024-05-29,Good
987,175,1924,5,2024-04-30,Excellent
988,130,1170,2,2024-12-06,Poor
989,161,1522,5,2024-06-11,Excellent
990,139,1012,1,2024-02-28,Terrible
991,180,1014,4,2024-06-19,Good
992,156,1668,2,2024-11-24,Poor
993,181,1469,5,2024-04-13,Excellent
994,178,1932,3,2024-07-05,Average
995,194,1074,4,2024-08-23,Good
996,104,1561,4,2024-11-27,Good
997,168,1453,3,2024-05-14,Average
998,158,1712,4,2024-06-23,Good
999,151,1919,2,2024-02-28,Poor
1000,153,1876,1,2024-03-09,Terrible
